"1,001a.jpg,4"
"1,001b.jpg,4"
"1,002a.jpg,5"
"1,002b.jpg,5"
"1,003a.jpg,4"
"1,003b.jpg,4"
"1,004a.jpg,3"
"1,004b.jpg,3"
"1,005a.jpg,4"
"1,005b.jpg,4"
"1,006a.jpg,1"
"1,006b.jpg,1"
"1,007a.jpg,2"
"1,007b.jpg,2"
"1,008a.jpg,2"
"1,008b.jpg,2"
"1,009a.jpg,3"
"1,009b.jpg,3"
"1,010a.jpg,1"
"1,010b.jpg,1"
"1,011a.jpg,1"
"1,011b.jpg,1"
"1,012a.jpg,1"
"1,012b.jpg,1"
"1,013a.jpg,5"
"1,013b.jpg,5"
"1,014a.jpg,1"
"1,014b.jpg,1"
"1,015a.jpg,1"
"1,015b.jpg,1"
"1,016a.jpg,2"
"1,016b.jpg,2"
"1,017a.jpg,3"
"1,017b.jpg,3"
"1,018a.jpg,5"
"1,018b.jpg,5"
"1,019a.jpg,1"
"1,019b.jpg,1"
"1,020a.jpg,3"
"1,020b.jpg,3"
"1,021a.jpg,3"
"1,021b.jpg,3"
"1,022a.jpg,5"
"1,022b.jpg,5"
"1,023a.jpg,4"
"1,023b.jpg,4"
"1,024a.jpg,3"
"1,024b.jpg,3"
"1,025a.jpg,2"
"1,025b.jpg,2"
"1,026a.jpg,5"
"1,026b.jpg,5"
"1,027a.jpg,1"
"1,027b.jpg,1"
"1,028a.jpg,4"
"1,028b.jpg,4"
"1,029a.jpg,3"
"1,029b.jpg,3"
"1,030a.jpg,1"
"1,030b.jpg,1"
"1,031a.jpg,4"
"1,031b.jpg,4"
"1,032a.jpg,2"
"1,032b.jpg,2"
"1,033a.jpg,2"
"1,033b.jpg,2"
"1,034a.jpg,2"
"1,034b.jpg,2"
"1,035a.jpg,3"
"1,035b.jpg,3"
"1,036a.jpg,4"
"1,036b.jpg,4"
"1,037a.jpg,5"
"1,037b.jpg,5"
"1,038a.jpg,1"
"1,038b.jpg,1"
"1,039a.jpg,4"
"1,039b.jpg,4"
"1,040a.jpg,2"
"1,040b.jpg,2"
"1,041a.jpg,5"
"1,041b.jpg,5"
"1,042a.jpg,1"
"1,042b.jpg,1"
"1,043a.jpg,1"
"1,043b.jpg,1"
"1,044a.jpg,3"
"1,044b.jpg,3"
"1,045a.jpg,3"
"1,045b.jpg,3"
"1,046a.jpg,2"
"1,046b.jpg,2"
"1,047a.jpg,3"
"1,047b.jpg,3"
"1,048a.jpg,1"
"1,048b.jpg,1"
"1,049a.jpg,1"
"1,049b.jpg,1"
"1,050a.jpg,5"
"1,050b.jpg,5"
"1,051a.jpg,2"
"1,051b.jpg,2"
"1,052a.jpg,2"
"1,052b.jpg,2"
"1,053a.jpg,1"
"1,053b.jpg,1"
"1,054a.jpg,1"
"1,054b.jpg,1"
"1,055a.jpg,3"
"1,055b.jpg,3"
"1,056a.jpg,1"
"1,056b.jpg,1"
"1,057a.jpg,5"
"1,057b.jpg,5"
"1,058a.jpg,5"
"1,058b.jpg,5"
"1,059a.jpg,4"
"1,059b.jpg,4"
"1,060a.jpg,2"
"1,060b.jpg,2"
"1,061a.jpg,3"
"1,061b.jpg,3"
"1,062a.jpg,2"
"1,062b.jpg,2"
"1,063a.jpg,5"
"1,063b.jpg,5"
"1,064a.jpg,2"
"1,064b.jpg,2"
"1,065a.jpg,5"
"1,065b.jpg,5"
"1,066a.jpg,3"
"1,066b.jpg,3"
"1,067a.jpg,3"
"1,067b.jpg,3"
"1,068a.jpg,2"
"1,068b.jpg,2"
"1,069a.jpg,2"
"1,069b.jpg,2"
"1,070a.jpg,3"
"1,070b.jpg,3"
"1,071a.jpg,4"
"1,071b.jpg,4"
"1,072a.jpg,3"
"1,072b.jpg,3"
"1,073a.jpg,2"
"1,073b.jpg,2"
"1,074a.jpg,4"
"1,074b.jpg,4"
"1,075a.jpg,5"
"1,075b.jpg,5"
"1,076a.jpg,1"
"1,076b.jpg,1"
"1,077a.jpg,5"
"1,077b.jpg,5"
"1,078a.jpg,3"
"1,078b.jpg,3"
"1,079a.jpg,1"
"1,079b.jpg,1"
"1,080a.jpg,5"
"1,080b.jpg,5"
"1,081a.jpg,2"
"1,081b.jpg,2"
"1,082a.jpg,4"
"1,082b.jpg,4"
"1,083a.jpg,3"
"1,083b.jpg,3"
"1,084a.jpg,2"
"1,084b.jpg,2"
"1,085a.jpg,1"
"1,085b.jpg,1"
"1,086a.jpg,5"
"1,086b.jpg,5"
"1,087a.jpg,3"
"1,087b.jpg,3"
"1,088a.jpg,1"
"1,088b.jpg,1"
"1,089a.jpg,3"
"1,089b.jpg,3"
"1,090a.jpg,5"
"1,090b.jpg,5"
"1,091a.jpg,5"
"1,091b.jpg,5"
"1,092a.jpg,3"
"1,092b.jpg,3"
"1,093a.jpg,4"
"1,093b.jpg,4"
"1,094a.jpg,3"
"1,094b.jpg,3"
"1,095a.jpg,4"
"1,095b.jpg,4"
"1,096a.jpg,4"
"1,096b.jpg,4"
"1,097a.jpg,3"
"1,097b.jpg,3"
"1,098a.jpg,4"
"1,098b.jpg,4"
"1,099a.jpg,1"
"1,099b.jpg,1"
"1,100a.jpg,1"
"1,100b.jpg,1"
"1,101a.jpg,2"
"1,101b.jpg,2"
"1,102a.jpg,3"
"1,102b.jpg,3"
"1,103a.jpg,5"
"1,103b.jpg,5"
"1,104a.jpg,1"
"1,104b.jpg,1"
"1,105a.jpg,4"
"1,105b.jpg,4"
"1,106a.jpg,4"
"1,106b.jpg,4"
"1,107a.jpg,2"
"1,107b.jpg,2"
"1,108a.jpg,2"
"1,108b.jpg,2"
"1,109a.jpg,4"
"1,109b.jpg,4"
"1,110a.jpg,1"
"1,110b.jpg,1"
"1,111a.jpg,2"
"1,111b.jpg,2"
"1,112a.jpg,5"
"1,112b.jpg,5"
"1,113a.jpg,3"
"1,113b.jpg,3"
"1,114a.jpg,3"
"1,114b.jpg,3"
"1,115a.jpg,1"
"1,115b.jpg,1"
"1,116a.jpg,4"
"1,116b.jpg,4"
"1,117a.jpg,4"
"1,117b.jpg,4"
"1,118a.jpg,4"
"1,118b.jpg,4"
"1,119a.jpg,1"
"1,119b.jpg,1"
"1,120a.jpg,3"
"1,120b.jpg,3"
"1,121a.jpg,4"
"1,121b.jpg,4"
"1,122a.jpg,2"
"1,122b.jpg,2"
"1,123a.jpg,4"
"1,123b.jpg,4"
"1,124a.jpg,2"
"1,124b.jpg,2"
"1,125a.jpg,4"
"1,125b.jpg,4"
"1,126a.jpg,5"
"1,126b.jpg,5"
"1,127a.jpg,2"
"1,127b.jpg,2"
"1,128a.jpg,2"
"1,128b.jpg,2"
"1,129a.jpg,2"
"1,129b.jpg,2"
"1,130a.jpg,3"
"1,130b.jpg,3"
"1,132a.jpg,2"
"1,132b.jpg,2"
"1,133a.jpg,5"
"1,133b.jpg,5"
"1,134a.jpg,2"
"1,134b.jpg,2"
"1,135a.jpg,5"
"1,135b.jpg,5"
"1,136a.jpg,5"
"1,136b.jpg,5"
"1,137a.jpg,2"
"1,137b.jpg,2"
"1,138a.jpg,5"
"1,138b.jpg,5"
"1,139a.jpg,1"
"1,139b.jpg,1"
"1,140a.jpg,1"
"1,140b.jpg,1"
"1,141a.jpg,3"
"1,141b.jpg,3"
"1,142a.jpg,4"
"1,142b.jpg,4"
"1,143a.jpg,4"
"1,143b.jpg,4"
"1,144a.jpg,3"
"1,144b.jpg,3"
"1,145a.jpg,4"
"1,145b.jpg,4"
"1,147a.jpg,5"
"1,147b.jpg,5"
"1,148a.jpg,2"
"1,148b.jpg,2"
"1,149a.jpg,1"
"1,149b.jpg,1"
"1,150a.jpg,4"
"1,150b.jpg,4"
"1,151a.jpg,3"
"1,151b.jpg,3"
"1,152a.jpg,4"
"1,152b.jpg,4"
"1,153a.jpg,4"
"1,153b.jpg,4"
"1,154a.jpg,4"
"1,154b.jpg,4"
"1,155a.jpg,5"
"1,155b.jpg,5"
"1,156a.jpg,1"
"1,156b.jpg,1"
"1,157a.jpg,4"
"1,157b.jpg,4"
"1,158a.jpg,4"
"1,158b.jpg,4"
"1,159a.jpg,4"
"1,159b.jpg,4"
"1,160a.jpg,3"
"1,160b.jpg,3"
"1,161a.jpg,4"
"1,161b.jpg,4"
"1,162a.jpg,3"
"1,162b.jpg,3"
"1,163a.jpg,3"
"1,163b.jpg,3"
"1,164a.jpg,1"
"1,164b.jpg,1"
"1,165a.jpg,1"
"1,165b.jpg,1"
"1,166a.jpg,1"
"1,166b.jpg,1"
"1,167a.jpg,5"
"1,167b.jpg,5"
"1,168a.jpg,1"
"1,168b.jpg,1"
"1,169a.jpg,5"
"1,169b.jpg,5"
"1,170a.jpg,5"
"1,170b.jpg,5"
"1,171a.jpg,3"
"1,171b.jpg,3"
"1,172a.jpg,5"
"1,172b.jpg,5"
"1,173a.jpg,1"
"1,173b.jpg,1"
"1,174a.jpg,1"
"1,174b.jpg,1"
"1,175a.jpg,3"
"1,175b.jpg,3"
"1,176a.jpg,5"
"1,176b.jpg,5"
"1,177a.jpg,2"
"1,177b.jpg,2"
"1,178a.jpg,4"
"1,178b.jpg,4"
"1,179a.jpg,5"
"1,179b.jpg,5"
"1,180a.jpg,3"
"1,180b.jpg,3"
"1,181a.jpg,5"
"1,181b.jpg,5"
"1,182a.jpg,1"
"1,182b.jpg,1"
"1,183a.jpg,2"
"1,183b.jpg,2"
"1,184a.jpg,5"
"1,184b.jpg,5"
"1,185a.jpg,4"
"1,185b.jpg,4"
"1,186a.jpg,2"
"1,186b.jpg,2"
"1,187a.jpg,2"
"1,187b.jpg,2"
"1,188a.jpg,5"
"1,188b.jpg,5"
"1,189a.jpg,5"
"1,189b.jpg,5"
"1,190a.jpg,5"
"1,190b.jpg,5"
"1,191a.jpg,1"
"1,191b.jpg,1"
"1,192a.jpg,2"
"1,192b.jpg,2"
"2,001a.jpg,5"
"2,001b.jpg,5"
"2,002a.jpg,1"
"2,002b.jpg,1"
"2,003a.jpg,1"
"2,003b.jpg,1"
"2,004a.jpg,1"
"2,004b.jpg,1"
"2,005a.jpg,1"
"2,005b.jpg,1"
"2,006a.jpg,5"
"2,006b.jpg,5"
"2,007a.jpg,3"
"2,007b.jpg,3"
"2,008a.jpg,4"
"2,008b.jpg,4"
"2,009a.jpg,4"
"2,009b.jpg,4"
"2,010a.jpg,1"
"2,010b.jpg,1"
"2,011a.jpg,2"
"2,011b.jpg,2"
"2,012a.jpg,3"
"2,012b.jpg,3"
"2,013a.jpg,1"
"2,013b.jpg,1"
"2,014a.jpg,5"
"2,014b.jpg,5"
"2,015a.jpg,5"
"2,015b.jpg,5"
"2,016a.jpg,5"
"2,016b.jpg,5"
"2,017a.jpg,4"
"2,017b.jpg,4"
"2,018a.jpg,3"
"2,018b.jpg,3"
"2,019a.jpg,5"
"2,019b.jpg,5"
"2,020a.jpg,3"
"2,020b.jpg,3"
"2,021a.jpg,3"
"2,021b.jpg,3"
"2,022a.jpg,2"
"2,022b.jpg,2"
"2,023a.jpg,5"
"2,023b.jpg,5"
"2,024a.jpg,3"
"2,024b.jpg,3"
"2,025a.jpg,5"
"2,025b.jpg,5"
"2,026a.jpg,5"
"2,026b.jpg,5"
"2,027a.jpg,5"
"2,027b.jpg,5"
"2,028a.jpg,2"
"2,028b.jpg,2"
"2,029a.jpg,2"
"2,029b.jpg,2"
"2,030a.jpg,2"
"2,030b.jpg,2"
"2,031a.jpg,3"
"2,031b.jpg,3"
"2,032a.jpg,5"
"2,032b.jpg,5"
"2,033a.jpg,1"
"2,033b.jpg,1"
"2,034a.jpg,3"
"2,034b.jpg,3"
"2,036a.jpg,1"
"2,036b.jpg,1"
"2,037a.jpg,3"
"2,037b.jpg,3"
"2,038a.jpg,3"
"2,038b.jpg,3"
"2,039a.jpg,4"
"2,039b.jpg,4"
"2,040a.jpg,3"
"2,040b.jpg,3"
"2,041a.jpg,2"
"2,041b.jpg,2"
"2,042a.jpg,5"
"2,042b.jpg,5"
"2,043a.jpg,5"
"2,043b.jpg,5"
"2,044a.jpg,5"
"2,044b.jpg,5"
"2,045a.jpg,1"
"2,045b.jpg,1"
"2,046a.jpg,4"
"2,046b.jpg,4"
"2,047a.jpg,2"
"2,047b.jpg,2"
"2,048a.jpg,2"
"2,048b.jpg,2"
"2,049a.jpg,2"
"2,049b.jpg,2"
"2,050a.jpg,2"
"2,050b.jpg,2"
"2,051a.jpg,2"
"2,051b.jpg,2"
"2,052a.jpg,4"
"2,052b.jpg,4"
"2,053a.jpg,4"
"2,053b.jpg,4"
"2,054a.jpg,3"
"2,054b.jpg,3"
"2,055a.jpg,2"
"2,055b.jpg,2"
"2,056a.jpg,3"
"2,056b.jpg,3"
"2,057a.jpg,3"
"2,057b.jpg,3"
"2,058a.jpg,4"
"2,058b.jpg,4"
"2,061a.jpg,4"
"2,061b.jpg,4"
"2,062a.jpg,2"
"2,062b.jpg,2"
"2,063a.jpg,4"
"2,063b.jpg,4"
"2,064a.jpg,1"
"2,064b.jpg,1"
"2,065a.jpg,2"
"2,065b.jpg,2"
"2,066a.jpg,1"
"2,066b.jpg,1"
"2,067a.jpg,2"
"2,067b.jpg,2"
"2,068a.jpg,4"
"2,068b.jpg,4"
"2,069a.jpg,1"
"2,069b.jpg,1"
"2,070a.jpg,2"
"2,070b.jpg,2"
"2,071a.jpg,1"
"2,071b.jpg,1"
"2,072a.jpg,1"
"2,072b.jpg,1"
"2,073a.jpg,1"
"2,073b.jpg,1"
"2,074a.jpg,3"
"2,074b.jpg,3"
"2,075a.jpg,3"
"2,075b.jpg,3"
"2,076a.jpg,1"
"2,076b.jpg,1"
"2,077a.jpg,4"
"2,077b.jpg,4"
"2,078a.jpg,3"
"2,078b.jpg,3"
"2,079a.jpg,1"
"2,079b.jpg,1"
"2,080a.jpg,5"
"2,080b.jpg,5"
"2,081a.jpg,1"
"2,081b.jpg,1"
"2,082a.jpg,3"
"2,082b.jpg,3"
"2,083a.jpg,4"
"2,083b.jpg,4"
"2,084a.jpg,3"
"2,084b.jpg,3"
"2,085a.jpg,1"
"2,085b.jpg,1"
"2,086a.jpg,2"
"2,086b.jpg,2"
"2,087a.jpg,3"
"2,087b.jpg,3"
"2,088a.jpg,5"
"2,088b.jpg,5"
"2,089a.jpg,2"
"2,089b.jpg,2"
"2,090a.jpg,4"
"2,090b.jpg,4"
"2,091a.jpg,3"
"2,091b.jpg,3"
"2,092a.jpg,4"
"2,092b.jpg,4"
"2,093a.jpg,1"
"2,093b.jpg,1"
"2,094a.jpg,4"
"2,094b.jpg,4"
"2,095a.jpg,2"
"2,095b.jpg,2"
"2,096a.jpg,2"
"2,096b.jpg,2"
"2,097a.jpg,5"
"2,097b.jpg,5"
"2,098a.jpg,4"
"2,098b.jpg,4"
"2,100a.jpg,4"
"2,100b.jpg,4"
"2,101a.jpg,5"
"2,101b.jpg,5"
"2,102a.jpg,5"
"2,102b.jpg,5"
"2,103a.jpg,5"
"2,103b.jpg,5"
"2,104a.jpg,1"
"2,104b.jpg,1"
"2,105a.jpg,3"
"2,105b.jpg,3"
"2,106a.jpg,5"
"2,106b.jpg,5"
"2,107a.jpg,1"
"2,107b.jpg,1"
"2,108a.jpg,2"
"2,108b.jpg,2"
"2,109a.jpg,4"
"2,109b.jpg,4"
"2,110a.jpg,5"
"2,110b.jpg,5"
"2,111a.jpg,1"
"2,111b.jpg,1"
"2,112a.jpg,3"
"2,112b.jpg,3"
"2,113a.jpg,1"
"2,113b.jpg,1"
"2,114a.jpg,4"
"2,114b.jpg,4"
"2,115a.jpg,2"
"2,115b.jpg,2"
"2,116a.jpg,1"
"2,116b.jpg,1"
"2,117a.jpg,3"
"2,117b.jpg,3"
"2,118a.jpg,5"
"2,118b.jpg,5"
"2,119a.jpg,5"
"2,119b.jpg,5"
"2,120a.jpg,1"
"2,120b.jpg,1"
"2,122a.jpg,5"
"2,122b.jpg,5"
"2,123a.jpg,5"
"2,123b.jpg,5"
"2,124a.jpg,2"
"2,124b.jpg,2"
"2,125a.jpg,1"
"2,125b.jpg,1"
"2,126a.jpg,2"
"2,126b.jpg,2"
"2,128a.jpg,2"
"2,128b.jpg,2"
"2,129a.jpg,2"
"2,129b.jpg,2"
"2,130a.jpg,2"
"2,130b.jpg,2"
"2,131a.jpg,5"
"2,131b.jpg,5"
"2,132a.jpg,2"
"2,132b.jpg,2"
"2,133a.jpg,3"
"2,133b.jpg,3"
"2,134a.jpg,3"
"2,134b.jpg,3"
"2,135a.jpg,2"
"2,135b.jpg,2"
"2,136a.jpg,3"
"2,136b.jpg,3"
"2,137a.jpg,4"
"2,137b.jpg,4"
"2,138a.jpg,4"
"2,138b.jpg,4"
"2,139a.jpg,1"
"2,139b.jpg,1"
"2,140a.jpg,3"
"2,140b.jpg,3"
"2,141a.jpg,4"
"2,141b.jpg,4"
"2,142a.jpg,2"
"2,142b.jpg,2"
"2,143a.jpg,1"
"2,143b.jpg,1"
"2,144a.jpg,3"
"2,144b.jpg,3"
"2,145a.jpg,4"
"2,145b.jpg,4"
"2,146a.jpg,3"
"2,146b.jpg,3"
"2,148a.jpg,2"
"2,148b.jpg,2"
"2,149a.jpg,1"
"2,149b.jpg,1"
"2,150a.jpg,5"
"2,150b.jpg,5"
"2,151a.jpg,4"
"2,151b.jpg,4"
"2,152a.jpg,3"
"2,152b.jpg,3"
"2,153a.jpg,1"
"2,153b.jpg,1"
"2,154a.jpg,1"
"2,154b.jpg,1"
"2,156a.jpg,3"
"2,156b.jpg,3"
"2,157a.jpg,5"
"2,157b.jpg,5"
"2,158a.jpg,5"
"2,158b.jpg,5"
"2,159a.jpg,3"
"2,159b.jpg,3"
"2,160a.jpg,1"
"2,160b.jpg,1"
"2,161a.jpg,5"
"2,161b.jpg,5"
"2,162a.jpg,5"
"2,162b.jpg,5"
"2,163a.jpg,3"
"2,163b.jpg,3"
"2,164a.jpg,1"
"2,164b.jpg,1"
"2,165a.jpg,3"
"2,165b.jpg,3"
"2,166a.jpg,2"
"2,166b.jpg,2"
"2,167a.jpg,3"
"2,167b.jpg,3"
"2,168a.jpg,1"
"2,168b.jpg,1"
"2,169a.jpg,4"
"2,169b.jpg,4"
"2,170a.jpg,5"
"2,170b.jpg,5"
"2,171a.jpg,1"
"2,171b.jpg,1"
"2,172a.jpg,2"
"2,172b.jpg,2"
"2,173a.jpg,4"
"2,173b.jpg,4"
"2,174a.jpg,4"
"2,174b.jpg,4"
"2,175a.jpg,4"
"2,175b.jpg,4"
"2,176a.jpg,1"
"2,176b.jpg,1"
"2,177a.jpg,2"
"2,177b.jpg,2"
"2,178a.jpg,4"
"2,178b.jpg,4"
"2,179a.jpg,3"
"2,179b.jpg,3"
"2,180a.jpg,4"
"2,180b.jpg,4"
"2,182a.jpg,5"
"2,182b.jpg,5"
"2,184a.jpg,4"
"2,184b.jpg,4"
"2,185a.jpg,4"
"2,185b.jpg,4"
"2,186a.jpg,4"
"2,186b.jpg,4"
"2,187a.jpg,4"
"2,187b.jpg,4"
"2,188a.jpg,4"
"2,188b.jpg,4"
"2,189a.jpg,5"
"2,189b.jpg,5"
"2,190a.jpg,2"
"2,190b.jpg,2"
"2,191a.jpg,5"
"2,191b.jpg,5"
"2,192a.jpg,2"
"2,192b.jpg,2"
"3,001a.jpg,5"
"3,001b.jpg,5"
"3,002a.jpg,2"
"3,002b.jpg,2"
"3,003a.jpg,2"
"3,003b.jpg,2"
"3,004a.jpg,4"
"3,004b.jpg,4"
"3,005a.jpg,3"
"3,005b.jpg,3"
"3,006a.jpg,2"
"3,006b.jpg,2"
"3,007a.jpg,3"
"3,007b.jpg,3"
"3,009a.jpg,2"
"3,009b.jpg,2"
"3,010a.jpg,5"
"3,010b.jpg,5"
"3,011a.jpg,5"
"3,011b.jpg,5"
"3,012a.jpg,2"
"3,012b.jpg,2"
"3,013a.jpg,2"
"3,013b.jpg,2"
"3,014a.jpg,3"
"3,014b.jpg,3"
"3,015a.jpg,3"
"3,015b.jpg,3"
"3,016a.jpg,5"
"3,016b.jpg,5"
"3,017a.jpg,2"
"3,017b.jpg,2"
"3,018a.jpg,2"
"3,018b.jpg,2"
"3,019a.jpg,2"
"3,019b.jpg,2"
"3,020a.jpg,5"
"3,020b.jpg,5"
"3,021a.jpg,1"
"3,021b.jpg,1"
"3,022a.jpg,4"
"3,022b.jpg,4"
"3,023a.jpg,2"
"3,023b.jpg,2"
"3,024a.jpg,3"
"3,024b.jpg,3"
"3,025a.jpg,5"
"3,025b.jpg,5"
"3,026a.jpg,1"
"3,026b.jpg,1"
"3,027a.jpg,4"
"3,027b.jpg,4"
"3,028a.jpg,4"
"3,028b.jpg,4"
"3,029a.jpg,5"
"3,029b.jpg,5"
"3,030a.jpg,4"
"3,030b.jpg,4"
"3,031a.jpg,1"
"3,031b.jpg,1"
"3,032a.jpg,1"
"3,032b.jpg,1"
"3,034a.jpg,5"
"3,034b.jpg,5"
"3,035a.jpg,5"
"3,035b.jpg,5"
"3,036a.jpg,4"
"3,036b.jpg,4"
"3,037a.jpg,4"
"3,037b.jpg,4"
"3,038a.jpg,5"
"3,038b.jpg,5"
"3,039a.jpg,3"
"3,039b.jpg,3"
"3,040a.jpg,2"
"3,040b.jpg,2"
"3,041a.jpg,4"
"3,041b.jpg,4"
"3,042a.jpg,2"
"3,042b.jpg,2"
"3,043a.jpg,4"
"3,043b.jpg,4"
"3,044a.jpg,4"
"3,044b.jpg,4"
"3,045a.jpg,4"
"3,045b.jpg,4"
"3,046a.jpg,4"
"3,046b.jpg,4"
"3,047a.jpg,4"
"3,047b.jpg,4"
"3,049a.jpg,1"
"3,049b.jpg,1"
"3,051a.jpg,3"
"3,051b.jpg,3"
"3,052a.jpg,5"
"3,052b.jpg,5"
"3,053a.jpg,3"
"3,053b.jpg,3"
"3,054a.jpg,4"
"3,054b.jpg,4"
"3,055a.jpg,4"
"3,055b.jpg,4"
"3,056a.jpg,3"
"3,056b.jpg,3"
"3,057a.jpg,1"
"3,057b.jpg,1"
"3,058a.jpg,1"
"3,058b.jpg,1"
"3,059a.jpg,1"
"3,059b.jpg,1"
"3,060a.jpg,2"
"3,060b.jpg,2"
"3,061a.jpg,1"
"3,061b.jpg,1"
"3,062a.jpg,5"
"3,062b.jpg,5"
"3,063a.jpg,5"
"3,063b.jpg,5"
"3,064a.jpg,3"
"3,064b.jpg,3"
"3,065a.jpg,2"
"3,065b.jpg,2"
"3,066a.jpg,2"
"3,066b.jpg,2"
"3,067a.jpg,4"
"3,067b.jpg,4"
"3,068a.jpg,1"
"3,068b.jpg,1"
"3,069a.jpg,2"
"3,069b.jpg,2"
"3,070a.jpg,2"
"3,070b.jpg,2"
"3,071a.jpg,1"
"3,071b.jpg,1"
"3,072a.jpg,1"
"3,072b.jpg,1"
"3,073a.jpg,1"
"3,073b.jpg,1"
"3,074a.jpg,3"
"3,074b.jpg,3"
"3,075a.jpg,1"
"3,075b.jpg,1"
"3,076a.jpg,4"
"3,076b.jpg,4"
"3,077a.jpg,2"
"3,077b.jpg,2"
"3,078a.jpg,1"
"3,078b.jpg,1"
"3,079a.jpg,4"
"3,079b.jpg,4"
"3,080a.jpg,3"
"3,080b.jpg,3"
"3,081a.jpg,1"
"3,081b.jpg,1"
"3,082a.jpg,1"
"3,082b.jpg,1"
"3,083a.jpg,4"
"3,083b.jpg,4"
"3,084a.jpg,2"
"3,084b.jpg,2"
"3,085a.jpg,3"
"3,085b.jpg,3"
"3,086a.jpg,2"
"3,086b.jpg,2"
"3,087a.jpg,3"
"3,087b.jpg,3"
"3,088a.jpg,1"
"3,088b.jpg,1"
"3,089a.jpg,4"
"3,089b.jpg,4"
"3,090a.jpg,4"
"3,090b.jpg,4"
"3,091a.jpg,5"
"3,091b.jpg,5"
"3,092a.jpg,3"
"3,092b.jpg,3"
"3,093a.jpg,5"
"3,093b.jpg,5"
"3,094a.jpg,1"
"3,094b.jpg,1"
"3,095a.jpg,4"
"3,095b.jpg,4"
"3,096a.jpg,4"
"3,096b.jpg,4"
"3,097a.jpg,1"
"3,097b.jpg,1"
"3,098a.jpg,3"
"3,098b.jpg,3"
"3,099a.jpg,2"
"3,099b.jpg,2"
"3,100a.jpg,5"
"3,100b.jpg,5"
"3,101a.jpg,3"
"3,101b.jpg,3"
"3,102a.jpg,3"
"3,102b.jpg,3"
"3,103a.jpg,2"
"3,103b.jpg,2"
"3,104a.jpg,5"
"3,104b.jpg,5"
"3,105a.jpg,1"
"3,105b.jpg,1"
"3,106a.jpg,2"
"3,106b.jpg,2"
"3,107a.jpg,5"
"3,107b.jpg,5"
"3,108a.jpg,1"
"3,108b.jpg,1"
"3,109a.jpg,2"
"3,109b.jpg,2"
"3,110a.jpg,5"
"3,110b.jpg,5"
"3,112a.jpg,4"
"3,112b.jpg,4"
"3,113a.jpg,3"
"3,113b.jpg,3"
"3,115a.jpg,2"
"3,115b.jpg,2"
"3,116a.jpg,3"
"3,116b.jpg,3"
"3,117a.jpg,4"
"3,117b.jpg,4"
"3,118a.jpg,1"
"3,118b.jpg,1"
"3,119a.jpg,2"
"3,119b.jpg,2"
"3,120a.jpg,4"
"3,120b.jpg,4"
"3,121a.jpg,2"
"3,121b.jpg,2"
"3,122a.jpg,4"
"3,122b.jpg,4"
"3,123a.jpg,5"
"3,123b.jpg,5"
"3,124a.jpg,5"
"3,124b.jpg,5"
"3,125a.jpg,3"
"3,125b.jpg,3"
"3,126a.jpg,1"
"3,126b.jpg,1"
"3,127a.jpg,4"
"3,127b.jpg,4"
"3,129a.jpg,3"
"3,129b.jpg,3"
"3,130a.jpg,5"
"3,130b.jpg,5"
"3,131a.jpg,3"
"3,131b.jpg,3"
"3,132a.jpg,5"
"3,132b.jpg,5"
"3,133a.jpg,5"
"3,133b.jpg,5"
"3,134a.jpg,4"
"3,134b.jpg,4"
"3,135a.jpg,3"
"3,135b.jpg,3"
"3,136a.jpg,1"
"3,136b.jpg,1"
"3,137a.jpg,4"
"3,137b.jpg,4"
"3,138a.jpg,4"
"3,138b.jpg,4"
"3,139a.jpg,5"
"3,139b.jpg,5"
"3,141a.jpg,1"
"3,141b.jpg,1"
"3,142a.jpg,5"
"3,142b.jpg,5"
"3,143a.jpg,4"
"3,143b.jpg,4"
"3,144a.jpg,2"
"3,144b.jpg,2"
"3,145a.jpg,3"
"3,145b.jpg,3"
"3,146a.jpg,1"
"3,146b.jpg,1"
"3,147a.jpg,1"
"3,147b.jpg,1"
"3,148a.jpg,4"
"3,148b.jpg,4"
"3,149a.jpg,5"
"3,149b.jpg,5"
"3,150a.jpg,4"
"3,150b.jpg,4"
"3,152a.jpg,3"
"3,152b.jpg,3"
"3,154a.jpg,5"
"3,154b.jpg,5"
"3,155a.jpg,2"
"3,155b.jpg,2"
"3,156a.jpg,5"
"3,156b.jpg,5"
"3,157a.jpg,5"
"3,157b.jpg,5"
"3,159a.jpg,5"
"3,159b.jpg,5"
"3,160a.jpg,4"
"3,160b.jpg,4"
"3,161a.jpg,2"
"3,161b.jpg,2"
"3,163a.jpg,2"
"3,163b.jpg,2"
"3,164a.jpg,3"
"3,164b.jpg,3"
"3,165a.jpg,3"
"3,165b.jpg,3"
"3,166a.jpg,2"
"3,166b.jpg,2"
"3,167a.jpg,3"
"3,167b.jpg,3"
"3,168a.jpg,2"
"3,168b.jpg,2"
"3,169a.jpg,4"
"3,169b.jpg,4"
"3,170a.jpg,1"
"3,170b.jpg,1"
"3,171a.jpg,4"
"3,171b.jpg,4"
"3,172a.jpg,5"
"3,172b.jpg,5"
"3,173a.jpg,1"
"3,173b.jpg,1"
"3,174a.jpg,5"
"3,174b.jpg,5"
"3,175a.jpg,3"
"3,175b.jpg,3"
"3,177a.jpg,5"
"3,177b.jpg,5"
"3,178a.jpg,5"
"3,178b.jpg,5"
"3,179a.jpg,1"
"3,179b.jpg,1"
"3,180a.jpg,3"
"3,180b.jpg,3"
"3,183a.jpg,2"
"3,183b.jpg,2"
"3,184a.jpg,4"
"3,184b.jpg,4"
"3,185a.jpg,1"
"3,185b.jpg,1"
"3,186a.jpg,5"
"3,186b.jpg,5"
"3,187a.jpg,2"
"3,187b.jpg,2"
"3,188a.jpg,1"
"3,188b.jpg,1"
"3,189a.jpg,2"
"3,189b.jpg,2"
"3,190a.jpg,2"
"3,190b.jpg,2"
"3,191a.jpg,3"
"3,191b.jpg,3"
"4,001a.jpg,4"
"4,001b.jpg,4"
"4,002a.jpg,2"
"4,002b.jpg,2"
"4,003a.jpg,3"
"4,003b.jpg,3"
"4,004a.jpg,1"
"4,004b.jpg,1"
"4,005a.jpg,5"
"4,005b.jpg,5"
"4,006a.jpg,4"
"4,006b.jpg,4"
"4,007a.jpg,1"
"4,007b.jpg,1"
"4,009a.jpg,4"
"4,009b.jpg,4"
"4,010a.jpg,3"
"4,010b.jpg,3"
"4,012a.jpg,2"
"4,012b.jpg,2"
"4,013a.jpg,1"
"4,013b.jpg,1"
"4,016a.jpg,3"
"4,016b.jpg,3"
"4,017a.jpg,5"
"4,017b.jpg,5"
"4,021a.jpg,3"
"4,021b.jpg,3"
"4,023a.jpg,2"
"4,023b.jpg,2"
"4,025a.jpg,4"
"4,025b.jpg,4"
"4,027a.jpg,4"
"4,027b.jpg,4"
"4,028a.jpg,2"
"4,028b.jpg,2"
"4,029a.jpg,2"
"4,029b.jpg,2"
"4,030a.jpg,4"
"4,030b.jpg,4"
"4,031a.jpg,5"
"4,031b.jpg,5"
"4,032a.jpg,4"
"4,032b.jpg,4"
"4,033a.jpg,5"
"4,033b.jpg,5"
"4,036a.jpg,4"
"4,036b.jpg,4"
"4,037a.jpg,5"
"4,037b.jpg,5"
"4,038a.jpg,1"
"4,038b.jpg,1"
"4,039a.jpg,4"
"4,039b.jpg,4"
"4,040a.jpg,5"
"4,040b.jpg,5"
"4,041a.jpg,5"
"4,041b.jpg,5"
"4,042a.jpg,4"
"4,042b.jpg,4"
"4,043a.jpg,5"
"4,043b.jpg,5"
"4,044a.jpg,1"
"4,044b.jpg,1"
"4,045a.jpg,1"
"4,045b.jpg,1"
"4,047a.jpg,5"
"4,047b.jpg,5"
"4,048a.jpg,4"
"4,048b.jpg,4"
"4,049a.jpg,3"
"4,049b.jpg,3"
"4,050a.jpg,4"
"4,050b.jpg,4"
"4,051a.jpg,1"
"4,051b.jpg,1"
"4,052a.jpg,4"
"4,052b.jpg,4"
"4,053a.jpg,5"
"4,053b.jpg,5"
"4,054a.jpg,3"
"4,054b.jpg,3"
"4,055a.jpg,5"
"4,055b.jpg,5"
"4,056a.jpg,5"
"4,056b.jpg,5"
"4,057a.jpg,5"
"4,057b.jpg,5"
"4,060a.jpg,3"
"4,060b.jpg,3"
"4,061a.jpg,4"
"4,061b.jpg,4"
"4,062a.jpg,4"
"4,062b.jpg,4"
"4,063a.jpg,3"
"4,063b.jpg,3"
"4,064a.jpg,2"
"4,064b.jpg,2"
"4,065a.jpg,4"
"4,065b.jpg,4"
"4,066a.jpg,4"
"4,066b.jpg,4"
"4,067a.jpg,5"
"4,067b.jpg,5"
"4,068a.jpg,3"
"4,068b.jpg,3"
"4,070a.jpg,1"
"4,070b.jpg,1"
"4,071a.jpg,1"
"4,071b.jpg,1"
"4,073a.jpg,5"
"4,073b.jpg,5"
"4,074a.jpg,2"
"4,074b.jpg,2"
"4,075a.jpg,5"
"4,075b.jpg,5"
"4,076a.jpg,3"
"4,076b.jpg,3"
"4,077a.jpg,2"
"4,077b.jpg,2"
"4,078a.jpg,3"
"4,078b.jpg,3"
"4,079a.jpg,1"
"4,079b.jpg,1"
"4,082a.jpg,2"
"4,082b.jpg,2"
"4,083a.jpg,4"
"4,083b.jpg,4"
"4,084a.jpg,1"
"4,084b.jpg,1"
"4,086a.jpg,2"
"4,086b.jpg,2"
"4,089a.jpg,2"
"4,089b.jpg,2"
"4,091a.jpg,5"
"4,091b.jpg,5"
"4,093a.jpg,3"
"4,093b.jpg,3"
"4,094a.jpg,3"
"4,094b.jpg,3"
"4,095a.jpg,5"
"4,095b.jpg,5"
"4,097a.jpg,2"
"4,097b.jpg,2"
"4,098a.jpg,3"
"4,098b.jpg,3"
"4,100a.jpg,1"
"4,100b.jpg,1"
"4,101a.jpg,1"
"4,101b.jpg,1"
"4,103a.jpg,3"
"4,103b.jpg,3"
"4,104a.jpg,4"
"4,104b.jpg,4"
"4,105a.jpg,3"
"4,105b.jpg,3"
"4,106a.jpg,2"
"4,106b.jpg,2"
"4,108a.jpg,3"
"4,108b.jpg,3"
"4,110a.jpg,5"
"4,110b.jpg,5"
"4,111a.jpg,3"
"4,111b.jpg,3"
"4,113a.jpg,5"
"4,113b.jpg,5"
"4,115a.jpg,1"
"4,115b.jpg,1"
"4,118a.jpg,1"
"4,118b.jpg,1"
"4,119a.jpg,5"
"4,119b.jpg,5"
"4,120a.jpg,4"
"4,120b.jpg,4"
"4,121a.jpg,5"
"4,121b.jpg,5"
"4,123a.jpg,3"
"4,123b.jpg,3"
"4,125a.jpg,1"
"4,125b.jpg,1"
"4,126a.jpg,2"
"4,126b.jpg,2"
"4,127a.jpg,4"
"4,127b.jpg,4"
"4,128a.jpg,3"
"4,128b.jpg,3"
"4,129a.jpg,2"
"4,129b.jpg,2"
"4,132a.jpg,3"
"4,132b.jpg,3"
"4,135a.jpg,4"
"4,135b.jpg,4"
"4,138a.jpg,4"
"4,138b.jpg,4"
"4,139a.jpg,3"
"4,139b.jpg,3"
"4,140a.jpg,2"
"4,140b.jpg,2"
"4,141a.jpg,3"
"4,141b.jpg,3"
"4,142a.jpg,3"
"4,142b.jpg,3"
"4,143a.jpg,3"
"4,143b.jpg,3"
"4,144a.jpg,4"
"4,144b.jpg,4"
"4,145a.jpg,4"
"4,145b.jpg,4"
"4,147a.jpg,3"
"4,147b.jpg,3"
"4,148a.jpg,2"
"4,148b.jpg,2"
"4,149a.jpg,1"
"4,149b.jpg,1"
"4,150a.jpg,4"
"4,150b.jpg,4"
"4,152a.jpg,3"
"4,152b.jpg,3"
"4,153a.jpg,1"
"4,153b.jpg,1"
"4,154a.jpg,4"
"4,154b.jpg,4"
"4,155a.jpg,1"
"4,155b.jpg,1"
"4,157a.jpg,1"
"4,157b.jpg,1"
"4,158a.jpg,5"
"4,158b.jpg,5"
"4,159a.jpg,2"
"4,159b.jpg,2"
"4,162a.jpg,4"
"4,162b.jpg,4"
"4,164a.jpg,1"
"4,164b.jpg,1"
"4,165a.jpg,2"
"4,165b.jpg,2"
"4,166a.jpg,5"
"4,166b.jpg,5"
"4,167a.jpg,4"
"4,167b.jpg,4"
"4,169a.jpg,4"
"4,169b.jpg,4"
"4,170a.jpg,1"
"4,170b.jpg,1"
"4,171a.jpg,5"
"4,171b.jpg,5"
"4,173a.jpg,1"
"4,173b.jpg,1"
"4,174a.jpg,5"
"4,174b.jpg,5"
"4,175a.jpg,5"
"4,175b.jpg,5"
"4,176a.jpg,2"
"4,176b.jpg,2"
"4,177a.jpg,5"
"4,177b.jpg,5"
"4,178a.jpg,1"
"4,178b.jpg,1"
"4,179a.jpg,1"
"4,179b.jpg,1"
"4,180a.jpg,3"
"4,180b.jpg,3"
"4,181a.jpg,3"
"4,181b.jpg,3"
"4,183a.jpg,1"
"4,183b.jpg,1"
"4,184a.jpg,4"
"4,184b.jpg,4"
"4,185a.jpg,4"
"4,185b.jpg,4"
"4,186a.jpg,1"
"4,186b.jpg,1"
"4,188a.jpg,1"
"4,188b.jpg,1"
"4,189a.jpg,2"
"4,189b.jpg,2"
"4,190a.jpg,2"
"4,190b.jpg,2"
"4,191a.jpg,2"
"4,191b.jpg,2"
"4,192a.jpg,2"
"4,192b.jpg,2"
"5,001a.jpg,4"
"5,001b.jpg,4"
"5,002a.jpg,1"
"5,002b.jpg,1"
"5,004a.jpg,4"
"5,004b.jpg,4"
"5,005a.jpg,3"
"5,005b.jpg,3"
"5,006a.jpg,4"
"5,006b.jpg,4"
"5,007a.jpg,4"
"5,007b.jpg,4"
"5,008a.jpg,5"
"5,008b.jpg,5"
"5,009a.jpg,2"
"5,009b.jpg,2"
"5,010a.jpg,2"
"5,010b.jpg,2"
"5,011a.jpg,3"
"5,011b.jpg,3"
"5,012a.jpg,1"
"5,012b.jpg,1"
"5,013a.jpg,2"
"5,013b.jpg,2"
"5,014a.jpg,3"
"5,014b.jpg,3"
"5,015a.jpg,4"
"5,015b.jpg,4"
"5,016a.jpg,3"
"5,016b.jpg,3"
"5,018a.jpg,4"
"5,018b.jpg,4"
"5,019a.jpg,1"
"5,019b.jpg,1"
"5,020a.jpg,4"
"5,020b.jpg,4"
"5,021a.jpg,5"
"5,021b.jpg,5"
"5,025a.jpg,4"
"5,025b.jpg,4"
"5,026a.jpg,1"
"5,026b.jpg,1"
"5,028a.jpg,3"
"5,028b.jpg,3"
"5,029a.jpg,4"
"5,029b.jpg,4"
"5,030a.jpg,2"
"5,030b.jpg,2"
"5,031a.jpg,5"
"5,031b.jpg,5"
"5,032a.jpg,4"
"5,032b.jpg,4"
"5,033a.jpg,3"
"5,033b.jpg,3"
"5,034a.jpg,5"
"5,034b.jpg,5"
"5,037a.jpg,1"
"5,037b.jpg,1"
"5,038a.jpg,4"
"5,038b.jpg,4"
"5,039a.jpg,5"
"5,039b.jpg,5"
"5,040a.jpg,4"
"5,040b.jpg,4"
"5,041a.jpg,5"
"5,041b.jpg,5"
"5,042a.jpg,3"
"5,042b.jpg,3"
"5,043a.jpg,1"
"5,043b.jpg,1"
"5,046a.jpg,2"
"5,046b.jpg,2"
"5,047a.jpg,4"
"5,047b.jpg,4"
"5,048a.jpg,3"
"5,048b.jpg,3"
"5,049a.jpg,1"
"5,049b.jpg,1"
"5,050a.jpg,4"
"5,050b.jpg,4"
"5,052a.jpg,4"
"5,052b.jpg,4"
"5,053a.jpg,4"
"5,053b.jpg,4"
"5,054a.jpg,5"
"5,054b.jpg,5"
"5,055a.jpg,3"
"5,055b.jpg,3"
"5,056a.jpg,5"
"5,056b.jpg,5"
"5,058a.jpg,3"
"5,058b.jpg,3"
"5,059a.jpg,3"
"5,059b.jpg,3"
"5,060a.jpg,5"
"5,060b.jpg,5"
"5,061a.jpg,5"
"5,061b.jpg,5"
"5,063a.jpg,3"
"5,063b.jpg,3"
"5,064a.jpg,2"
"5,064b.jpg,2"
"5,065a.jpg,5"
"5,065b.jpg,5"
"5,066a.jpg,3"
"5,066b.jpg,3"
"5,067a.jpg,1"
"5,067b.jpg,1"
"5,068a.jpg,1"
"5,068b.jpg,1"
"5,069a.jpg,1"
"5,069b.jpg,1"
"5,070a.jpg,2"
"5,070b.jpg,2"
"5,071a.jpg,4"
"5,071b.jpg,4"
"5,072a.jpg,4"
"5,072b.jpg,4"
"5,073a.jpg,3"
"5,073b.jpg,3"
"5,074a.jpg,2"
"5,074b.jpg,2"
"5,075a.jpg,4"
"5,075b.jpg,4"
"5,076a.jpg,3"
"5,076b.jpg,3"
"5,077a.jpg,3"
"5,077b.jpg,3"
"5,079a.jpg,1"
"5,079b.jpg,1"
"5,080a.jpg,3"
"5,080b.jpg,3"
"5,081a.jpg,1"
"5,081b.jpg,1"
"5,082a.jpg,4"
"5,082b.jpg,4"
"5,084a.jpg,5"
"5,084b.jpg,5"
"5,085a.jpg,3"
"5,085b.jpg,3"
"5,086a.jpg,5"
"5,086b.jpg,5"
"5,087a.jpg,2"
"5,087b.jpg,2"
"5,088a.jpg,5"
"5,088b.jpg,5"
"5,089a.jpg,1"
"5,089b.jpg,1"
"5,090a.jpg,5"
"5,090b.jpg,5"
"5,092a.jpg,3"
"5,092b.jpg,3"
"5,093a.jpg,1"
"5,093b.jpg,1"
"5,094a.jpg,1"
"5,094b.jpg,1"
"5,095a.jpg,3"
"5,095b.jpg,3"
"5,099a.jpg,5"
"5,099b.jpg,5"
"5,101a.jpg,5"
"5,101b.jpg,5"
"5,102a.jpg,4"
"5,102b.jpg,4"
"5,103a.jpg,5"
"5,103b.jpg,5"
"5,104a.jpg,4"
"5,104b.jpg,4"
"5,105a.jpg,3"
"5,105b.jpg,3"
"5,106a.jpg,4"
"5,106b.jpg,4"
"5,107a.jpg,5"
"5,107b.jpg,5"
"5,108a.jpg,5"
"5,108b.jpg,5"
"5,109a.jpg,2"
"5,109b.jpg,2"
"5,110a.jpg,5"
"5,110b.jpg,5"
"5,111a.jpg,3"
"5,111b.jpg,3"
"5,112a.jpg,5"
"5,112b.jpg,5"
"5,114a.jpg,3"
"5,114b.jpg,3"
"5,117a.jpg,3"
"5,117b.jpg,3"
"5,118a.jpg,3"
"5,118b.jpg,3"
"5,119a.jpg,1"
"5,119b.jpg,1"
"5,120a.jpg,1"
"5,120b.jpg,1"
"5,123a.jpg,2"
"5,123b.jpg,2"
"5,124a.jpg,2"
"5,124b.jpg,2"
"5,125a.jpg,5"
"5,125b.jpg,5"
"5,127a.jpg,1"
"5,127b.jpg,1"
"5,128a.jpg,4"
"5,128b.jpg,4"
"5,129a.jpg,1"
"5,129b.jpg,1"
"5,130a.jpg,1"
"5,130b.jpg,1"
"5,131a.jpg,1"
"5,131b.jpg,1"
"5,133a.jpg,2"
"5,133b.jpg,2"
"5,135a.jpg,2"
"5,135b.jpg,2"
"5,136a.jpg,2"
"5,136b.jpg,2"
"5,137a.jpg,4"
"5,137b.jpg,4"
"5,138a.jpg,5"
"5,138b.jpg,5"
"5,139a.jpg,4"
"5,139b.jpg,4"
"5,140a.jpg,4"
"5,140b.jpg,4"
"5,141a.jpg,1"
"5,141b.jpg,1"
"5,142a.jpg,2"
"5,142b.jpg,2"
"5,143a.jpg,1"
"5,143b.jpg,1"
"5,144a.jpg,3"
"5,144b.jpg,3"
"5,146a.jpg,2"
"5,146b.jpg,2"
"5,147a.jpg,1"
"5,147b.jpg,1"
"5,149a.jpg,1"
"5,149b.jpg,1"
"5,150a.jpg,3"
"5,150b.jpg,3"
"5,152a.jpg,3"
"5,152b.jpg,3"
"5,153a.jpg,2"
"5,153b.jpg,2"
"5,154a.jpg,2"
"5,154b.jpg,2"
"5,155a.jpg,4"
"5,155b.jpg,4"
"5,157a.jpg,1"
"5,157b.jpg,1"
"5,158a.jpg,5"
"5,158b.jpg,5"
"5,163a.jpg,2"
"5,163b.jpg,2"
"5,167a.jpg,2"
"5,167b.jpg,2"
"5,170a.jpg,2"
"5,170b.jpg,2"
"5,171a.jpg,3"
"5,171b.jpg,3"
"5,172a.jpg,4"
"5,172b.jpg,4"
"5,173a.jpg,5"
"5,173b.jpg,5"
"5,174a.jpg,1"
"5,174b.jpg,1"
"5,176a.jpg,5"
"5,176b.jpg,5"
"5,177a.jpg,2"
"5,177b.jpg,2"
"5,179a.jpg,2"
"5,179b.jpg,2"
"5,180a.jpg,5"
"5,180b.jpg,5"
"5,181a.jpg,3"
"5,181b.jpg,3"
"5,182a.jpg,4"
"5,182b.jpg,4"
"5,183a.jpg,5"
"5,183b.jpg,5"
"5,184a.jpg,5"
"5,184b.jpg,5"
"5,185a.jpg,4"
"5,185b.jpg,4"
"5,186a.jpg,3"
"5,186b.jpg,3"
"5,188a.jpg,1"
"5,188b.jpg,1"
"5,189a.jpg,4"
"5,189b.jpg,4"
"5,191a.jpg,5"
"5,191b.jpg,5"
"5,192a.jpg,3"
"5,192b.jpg,3"
"6,001a.jpg,1"
"6,001b.jpg,1"
"6,002a.jpg,1"
"6,002b.jpg,1"
"6,003a.jpg,1"
"6,003b.jpg,1"
"6,005a.jpg,5"
"6,005b.jpg,5"
"6,007a.jpg,3"
"6,007b.jpg,3"
"6,008a.jpg,2"
"6,008b.jpg,2"
"6,010a.jpg,5"
"6,010b.jpg,5"
"6,012a.jpg,1"
"6,012b.jpg,1"
"6,014a.jpg,5"
"6,014b.jpg,5"
"6,015a.jpg,4"
"6,015b.jpg,4"
"6,016a.jpg,1"
"6,016b.jpg,1"
"6,018a.jpg,4"
"6,018b.jpg,4"
"6,019a.jpg,2"
"6,019b.jpg,2"
"6,020a.jpg,2"
"6,020b.jpg,2"
"6,021a.jpg,2"
"6,021b.jpg,2"
"6,022a.jpg,4"
"6,022b.jpg,4"
"6,023a.jpg,3"
"6,023b.jpg,3"
"6,024a.jpg,5"
"6,024b.jpg,5"
"6,026a.jpg,3"
"6,026b.jpg,3"
"6,027a.jpg,2"
"6,027b.jpg,2"
"6,028a.jpg,1"
"6,028b.jpg,1"
"6,029a.jpg,5"
"6,029b.jpg,5"
"6,030a.jpg,4"
"6,030b.jpg,4"
"6,031a.jpg,1"
"6,031b.jpg,1"
"6,034a.jpg,2"
"6,034b.jpg,2"
"6,035a.jpg,4"
"6,035b.jpg,4"
"6,036a.jpg,4"
"6,036b.jpg,4"
"6,037a.jpg,3"
"6,037b.jpg,3"
"6,039a.jpg,2"
"6,039b.jpg,2"
"6,040a.jpg,3"
"6,040b.jpg,3"
"6,041a.jpg,3"
"6,041b.jpg,3"
"6,042a.jpg,2"
"6,042b.jpg,2"
"6,044a.jpg,3"
"6,044b.jpg,3"
"6,045a.jpg,2"
"6,045b.jpg,2"
"6,048a.jpg,4"
"6,048b.jpg,4"
"6,053a.jpg,4"
"6,053b.jpg,4"
"6,055a.jpg,4"
"6,055b.jpg,4"
"6,056a.jpg,3"
"6,056b.jpg,3"
"6,057a.jpg,1"
"6,057b.jpg,1"
"6,059a.jpg,4"
"6,059b.jpg,4"
"6,062a.jpg,1"
"6,062b.jpg,1"
"6,063a.jpg,2"
"6,063b.jpg,2"
"6,064a.jpg,5"
"6,064b.jpg,5"
"6,065a.jpg,3"
"6,065b.jpg,3"
"6,066a.jpg,5"
"6,066b.jpg,5"
"6,068a.jpg,2"
"6,068b.jpg,2"
"6,069a.jpg,4"
"6,069b.jpg,4"
"6,071a.jpg,4"
"6,071b.jpg,4"
"6,072a.jpg,3"
"6,072b.jpg,3"
"6,073a.jpg,3"
"6,073b.jpg,3"
"6,074a.jpg,4"
"6,074b.jpg,4"
"6,075a.jpg,1"
"6,075b.jpg,1"
"6,076a.jpg,4"
"6,076b.jpg,4"
"6,077a.jpg,3"
"6,077b.jpg,3"
"6,078a.jpg,1"
"6,078b.jpg,1"
"6,080a.jpg,3"
"6,080b.jpg,3"
"6,081a.jpg,2"
"6,081b.jpg,2"
"6,082a.jpg,4"
"6,082b.jpg,4"
"6,083a.jpg,1"
"6,083b.jpg,1"
"6,085a.jpg,1"
"6,085b.jpg,1"
"6,090a.jpg,5"
"6,090b.jpg,5"
"6,091a.jpg,3"
"6,091b.jpg,3"
"6,092a.jpg,3"
"6,092b.jpg,3"
"6,093a.jpg,1"
"6,093b.jpg,1"
"6,094a.jpg,1"
"6,094b.jpg,1"
"6,095a.jpg,5"
"6,095b.jpg,5"
"6,097a.jpg,5"
"6,097b.jpg,5"
"6,098a.jpg,3"
"6,098b.jpg,3"
"6,100a.jpg,2"
"6,100b.jpg,2"
"6,101a.jpg,1"
"6,101b.jpg,1"
"6,102a.jpg,2"
"6,102b.jpg,2"
"6,103a.jpg,3"
"6,103b.jpg,3"
"6,105a.jpg,5"
"6,105b.jpg,5"
"6,106a.jpg,5"
"6,106b.jpg,5"
"6,108a.jpg,5"
"6,108b.jpg,5"
"6,109a.jpg,5"
"6,109b.jpg,5"
"6,110a.jpg,5"
"6,110b.jpg,5"
"6,111a.jpg,3"
"6,111b.jpg,3"
"6,112a.jpg,5"
"6,112b.jpg,5"
"6,113a.jpg,3"
"6,113b.jpg,3"
"6,115a.jpg,3"
"6,115b.jpg,3"
"6,116a.jpg,2"
"6,116b.jpg,2"
"6,117a.jpg,5"
"6,117b.jpg,5"
"6,118a.jpg,5"
"6,118b.jpg,5"
"6,119a.jpg,4"
"6,119b.jpg,4"
"6,120a.jpg,2"
"6,120b.jpg,2"
"6,122a.jpg,5"
"6,122b.jpg,5"
"6,126a.jpg,2"
"6,126b.jpg,2"
"6,127a.jpg,5"
"6,127b.jpg,5"
"6,129a.jpg,1"
"6,129b.jpg,1"
"6,130a.jpg,1"
"6,130b.jpg,1"
"6,131a.jpg,5"
"6,131b.jpg,5"
"6,132a.jpg,5"
"6,132b.jpg,5"
"6,133a.jpg,4"
"6,133b.jpg,4"
"6,135a.jpg,4"
"6,135b.jpg,4"
"6,136a.jpg,4"
"6,136b.jpg,4"
"6,137a.jpg,2"
"6,137b.jpg,2"
"6,139a.jpg,3"
"6,139b.jpg,3"
"6,141a.jpg,2"
"6,141b.jpg,2"
"6,142a.jpg,1"
"6,142b.jpg,1"
"6,143a.jpg,5"
"6,143b.jpg,5"
"6,144a.jpg,4"
"6,144b.jpg,4"
"6,145a.jpg,4"
"6,145b.jpg,4"
"6,146a.jpg,1"
"6,146b.jpg,1"
"6,147a.jpg,1"
"6,147b.jpg,1"
"6,148a.jpg,2"
"6,148b.jpg,2"
"6,149a.jpg,1"
"6,149b.jpg,1"
"6,150a.jpg,1"
"6,150b.jpg,1"
"6,151a.jpg,4"
"6,151b.jpg,4"
"6,152a.jpg,2"
"6,152b.jpg,2"
"6,153a.jpg,3"
"6,153b.jpg,3"
"6,154a.jpg,3"
"6,154b.jpg,3"
"6,155a.jpg,4"
"6,155b.jpg,4"
"6,156a.jpg,5"
"6,156b.jpg,5"
"6,158a.jpg,4"
"6,158b.jpg,4"
"6,161a.jpg,2"
"6,161b.jpg,2"
"6,163a.jpg,4"
"6,163b.jpg,4"
"6,165a.jpg,4"
"6,165b.jpg,4"
"6,166a.jpg,1"
"6,166b.jpg,1"
"6,167a.jpg,2"
"6,167b.jpg,2"
"6,168a.jpg,3"
"6,168b.jpg,3"
"6,171a.jpg,1"
"6,171b.jpg,1"
"6,172a.jpg,1"
"6,172b.jpg,1"
"6,173a.jpg,3"
"6,173b.jpg,3"
"6,174a.jpg,3"
"6,174b.jpg,3"
"6,175a.jpg,1"
"6,175b.jpg,1"
"6,176a.jpg,4"
"6,176b.jpg,4"
"6,177a.jpg,5"
"6,177b.jpg,5"
"6,179a.jpg,2"
"6,179b.jpg,2"
"6,180a.jpg,2"
"6,180b.jpg,2"
"6,181a.jpg,1"
"6,181b.jpg,1"
"6,182a.jpg,2"
"6,182b.jpg,2"
"6,183a.jpg,5"
"6,183b.jpg,5"
"6,184a.jpg,5"
"6,184b.jpg,5"
"6,185a.jpg,4"
"6,185b.jpg,4"
"6,187a.jpg,3"
"6,187b.jpg,3"
"6,188a.jpg,3"
"6,188b.jpg,3"
"6,191a.jpg,2"
"6,191b.jpg,2"
"6,192a.jpg,4"
"6,192b.jpg,4"
"c,003a.jpg,4"
"c,003b.jpg,4"
"c,019a.jpg,1"
"c,019b.jpg,1"
"c,023a.jpg,4"
"c,023b.jpg,4"
"c,024a.jpg,1"
"c,024b.jpg,1"
"c,026a.jpg,4"
"c,026b.jpg,4"
"c,030a.jpg,4"
"c,030b.jpg,4"
"c,031a.jpg,2"
"c,031b.jpg,2"
"c,033a.jpg,1"
"c,033b.jpg,1"
"c,034a.jpg,2"
"c,034b.jpg,2"
"c,037a.jpg,3"
"c,037b.jpg,3"
"c,039a.jpg,5"
"c,039b.jpg,5"
"c,044a.jpg,1"
"c,044b.jpg,1"
"c,049a.jpg,2"
"c,049b.jpg,2"
"c,050a.jpg,5"
"c,050b.jpg,5"
"c,051a.jpg,3"
"c,051b.jpg,3"
"c,055a.jpg,1"
"c,055b.jpg,1"
"c,060a.jpg,5"
"c,060b.jpg,5"
"c,063a.jpg,5"
"c,063b.jpg,5"
"c,064a.jpg,4"
"c,064b.jpg,4"
"c,069a.jpg,1"
"c,069b.jpg,1"
"c,074a.jpg,3"
"c,074b.jpg,3"
"c,075a.jpg,1"
"c,075b.jpg,1"
"c,077a.jpg,3"
"c,077b.jpg,3"
"c,082a.jpg,2"
"c,082b.jpg,2"
"c,083a.jpg,5"
"c,083b.jpg,5"
"c,085a.jpg,1"
"c,085b.jpg,1"
"c,088a.jpg,4"
"c,088b.jpg,4"
"c,098a.jpg,5"
"c,098b.jpg,5"
"c,101a.jpg,2"
"c,101b.jpg,2"
"c,105a.jpg,2"
"c,105b.jpg,2"
"c,109a.jpg,2"
"c,109b.jpg,2"
"c,113a.jpg,2"
"c,113b.jpg,2"
"c,118a.jpg,3"
"c,118b.jpg,3"
"c,120a.jpg,4"
"c,120b.jpg,4"
"c,131a.jpg,2"
"c,131b.jpg,2"
"c,133a.jpg,5"
"c,133b.jpg,5"
"c,134a.jpg,3"
"c,134b.jpg,3"
"c,141a.jpg,2"
"c,141b.jpg,2"
"c,146a.jpg,5"
"c,146b.jpg,5"
"c,147a.jpg,5"
"c,147b.jpg,5"
"c,149a.jpg,3"
"c,149b.jpg,3"
"c,157a.jpg,3"
"c,157b.jpg,3"
"c,164a.jpg,4"
"c,164b.jpg,4"
"c,165a.jpg,4"
"c,165b.jpg,4"
"c,166a.jpg,4"
"c,166b.jpg,4"
"c,167a.jpg,5"
"c,167b.jpg,5"
"c,171a.jpg,4"
"c,171b.jpg,4"
"c,173a.jpg,1"
"c,173b.jpg,1"
"c,176a.jpg,2"
"c,176b.jpg,2"
"c,177a.jpg,1"
"c,177b.jpg,1"
"c,179a.jpg,3"
"c,179b.jpg,3"
"c,186a.jpg,3"
"c,186b.jpg,3"
"c,188a.jpg,5"
"c,188b.jpg,5"
"c,190a.jpg,4"
"c,190b.jpg,4"
"d,002a.jpg,1"
"d,002b.jpg,1"
"d,006a.jpg,4"
"d,006b.jpg,4"
"d,009a.jpg,2"
"d,009b.jpg,2"
"d,014a.jpg,5"
"d,014b.jpg,5"
"d,025a.jpg,4"
"d,025b.jpg,4"
"d,029a.jpg,3"
"d,029b.jpg,3"
"d,031a.jpg,1"
"d,031b.jpg,1"
"d,036a.jpg,2"
"d,036b.jpg,2"
"d,042a.jpg,3"
"d,042b.jpg,3"
"d,047a.jpg,5"
"d,047b.jpg,5"
"d,053a.jpg,1"
"d,053b.jpg,1"
"d,056a.jpg,4"
"d,056b.jpg,4"
"d,059a.jpg,5"
"d,059b.jpg,5"
"d,061a.jpg,1"
"d,061b.jpg,1"
"d,065a.jpg,2"
"d,065b.jpg,2"
"d,066a.jpg,2"
"d,066b.jpg,2"
"d,078a.jpg,2"
"d,078b.jpg,2"
"d,092a.jpg,5"
"d,092b.jpg,5"
"d,109a.jpg,2"
"d,109b.jpg,2"
"d,121a.jpg,5"
"d,121b.jpg,5"
"d,126a.jpg,2"
"d,126b.jpg,2"
"d,129a.jpg,2"
"d,129b.jpg,2"
"d,133a.jpg,5"
"d,133b.jpg,5"
"d,135a.jpg,4"
"d,135b.jpg,4"
"d,136a.jpg,2"
"d,136b.jpg,2"
"d,138a.jpg,1"
"d,138b.jpg,1"
"d,146a.jpg,3"
"d,146b.jpg,3"
"d,151a.jpg,5"
"d,151b.jpg,5"
"d,157a.jpg,5"
"d,157b.jpg,5"
"d,169a.jpg,5"
"d,169b.jpg,5"
"d,170a.jpg,4"
"d,170b.jpg,4"
"d,177a.jpg,1"
"d,177b.jpg,1"
"d,180a.jpg,1"
"d,180b.jpg,1"
"d,186a.jpg,3"
"d,186b.jpg,3"
"d,190a.jpg,5"
"d,190b.jpg,5"
"d,192a.jpg,1"
"d,192b.jpg,1"
"e,003a.jpg,5"
"e,003b.jpg,5"
"e,006a.jpg,4"
"e,006b.jpg,4"
"e,021a.jpg,4"
"e,021b.jpg,4"
"e,022a.jpg,3"
"e,022b.jpg,3"
"e,023a.jpg,1"
"e,023b.jpg,1"
"e,024a.jpg,3"
"e,024b.jpg,3"
"e,027a.jpg,3"
"e,027b.jpg,3"
"e,032a.jpg,3"
"e,032b.jpg,3"
"e,033a.jpg,3"
"e,033b.jpg,3"
"e,038a.jpg,4"
"e,038b.jpg,4"
"e,041a.jpg,1"
"e,041b.jpg,1"
"e,058a.jpg,2"
"e,058b.jpg,2"
"e,059a.jpg,1"
"e,059b.jpg,1"
"e,060a.jpg,2"
"e,060b.jpg,2"
"e,061a.jpg,1"
"e,061b.jpg,1"
"e,070a.jpg,3"
"e,070b.jpg,3"
"e,071a.jpg,1"
"e,071b.jpg,1"
"e,073a.jpg,3"
"e,073b.jpg,3"
"e,075a.jpg,5"
"e,075b.jpg,5"
"e,078a.jpg,5"
"e,078b.jpg,5"
"e,079a.jpg,3"
"e,079b.jpg,3"
"e,083a.jpg,4"
"e,083b.jpg,4"
"e,089a.jpg,1"
"e,089b.jpg,1"
"e,090a.jpg,2"
"e,090b.jpg,2"
"e,096a.jpg,2"
"e,096b.jpg,2"
"e,098a.jpg,3"
"e,098b.jpg,3"
"e,101a.jpg,5"
"e,101b.jpg,5"
"e,109a.jpg,2"
"e,109b.jpg,2"
"e,110a.jpg,2"
"e,110b.jpg,2"
"e,112a.jpg,1"
"e,112b.jpg,1"
"e,114a.jpg,4"
"e,114b.jpg,4"
"e,115a.jpg,5"
"e,115b.jpg,5"
"e,117a.jpg,3"
"e,117b.jpg,3"
"e,131a.jpg,4"
"e,131b.jpg,4"
"e,134a.jpg,5"
"e,134b.jpg,5"
"e,135a.jpg,5"
"e,135b.jpg,5"
"e,136a.jpg,4"
"e,136b.jpg,4"
"e,139a.jpg,3"
"e,139b.jpg,3"
"e,140a.jpg,4"
"e,140b.jpg,4"
"e,141a.jpg,5"
"e,141b.jpg,5"
"e,142a.jpg,2"
"e,142b.jpg,2"
"e,145a.jpg,3"
"e,145b.jpg,3"
"e,146a.jpg,4"
"e,146b.jpg,4"
"e,147a.jpg,1"
"e,147b.jpg,1"
"e,148a.jpg,4"
"e,148b.jpg,4"
"e,152a.jpg,4"
"e,152b.jpg,4"
"e,160a.jpg,3"
"e,160b.jpg,3"
"e,161a.jpg,5"
"e,161b.jpg,5"
"e,162a.jpg,3"
"e,162b.jpg,3"
"e,165a.jpg,5"
"e,165b.jpg,5"
"e,167a.jpg,5"
"e,167b.jpg,5"
"e,172a.jpg,4"
"e,172b.jpg,4"
"e,174a.jpg,5"
"e,174b.jpg,5"
"e,181a.jpg,2"
"e,181b.jpg,2"
"e,183a.jpg,4"
"e,183b.jpg,4"
"e,185a.jpg,2"
"e,185b.jpg,2"
"f,001a.jpg,4"
"f,001b.jpg,4"
"f,005a.jpg,1"
"f,005b.jpg,1"
"f,006a.jpg,2"
"f,006b.jpg,2"
"f,012a.jpg,5"
"f,012b.jpg,5"
"f,023a.jpg,1"
"f,023b.jpg,1"
"f,025a.jpg,3"
"f,025b.jpg,3"
"f,027a.jpg,4"
"f,027b.jpg,4"
"f,034a.jpg,1"
"f,034b.jpg,1"
"f,038a.jpg,2"
"f,038b.jpg,2"
"f,041a.jpg,3"
"f,041b.jpg,3"
"f,045a.jpg,1"
"f,045b.jpg,1"
"f,052a.jpg,1"
"f,052b.jpg,1"
"f,058a.jpg,4"
"f,058b.jpg,4"
"f,059a.jpg,1"
"f,059b.jpg,1"
"f,067a.jpg,4"
"f,067b.jpg,4"
"f,069a.jpg,3"
"f,069b.jpg,3"
"f,076a.jpg,5"
"f,076b.jpg,5"
"f,081a.jpg,2"
"f,081b.jpg,2"
"f,088a.jpg,2"
"f,088b.jpg,2"
"f,090a.jpg,4"
"f,090b.jpg,4"
"f,091a.jpg,3"
"f,091b.jpg,3"
"f,093a.jpg,2"
"f,093b.jpg,2"
"f,097a.jpg,3"
"f,097b.jpg,3"
"f,099a.jpg,3"
"f,099b.jpg,3"
"f,130a.jpg,3"
"f,130b.jpg,3"
"f,135a.jpg,5"
"f,135b.jpg,5"
"f,143a.jpg,5"
"f,143b.jpg,5"
"f,144a.jpg,5"
"f,144b.jpg,5"
"f,153a.jpg,4"
"f,153b.jpg,4"
"f,159a.jpg,5"
"f,159b.jpg,5"
"f,165a.jpg,4"
"f,165b.jpg,4"
"f,168a.jpg,2"
"f,168b.jpg,2"
"f,175a.jpg,5"
"f,175b.jpg,5"
"f,182a.jpg,4"
"f,182b.jpg,4"
"f,190a.jpg,1"
"f,190b.jpg,1"
"f,191a.jpg,3"
"f,191b.jpg,3"